{
  "project_info": {
    "project_number": "775804681678",
    "firebase_url": "https://wemate-aed5e-default-rtdb.asia-southeast1.firebasedatabase.app",
    "project_id": "wemate-aed5e",
    "storage_bucket": "wemate-aed5e.appspot.com"
  },
  "client": [
    {
      "client_info": {
        "mobilesdk_app_id": "1:775804681678:android:f8e9f6ca2ba865cfec7f9f",
        "android_client_info": {
          "package_name": "com.srd.wemate"
        }
      },
      "oauth_client": [
        {
          "client_id": "775804681678-54ba3upqooulbm6h40sest1gb2v7niqp.apps.googleusercontent.com",
          "client_type": 3
        }
      ],
      "api_key": [
        {
          "current_key": "AIzaSyCw_Gc2AO0q_rTeapRGvC7BSKcJbelhox0"
        }
      ],
      "services": {
        "appinvite_service": {
          "other_platform_oauth_client": [
            {
              "client_id": "775804681678-54ba3upqooulbm6h40sest1gb2v7niqp.apps.googleusercontent.com",
              "client_type": 3
            }
          ]
        }
      }
    }
  ],
  "configuration_version": "1"
}